-- ============================================================
--  INVENTRA – DUMMY DATA
--  Password for ALL users : 123456
--  BCrypt : $2a$10$CD0m96vJg81.SnqtMz/D9.dpd2qw.F3dTz4UW.IxKYEeeixviKmd6
--  Dates  : 2026-01-01 → 2026-05-31
--  Engine : MySQL 8+
--
--  Stock rule:
--    products.quantity      = supplier's catalog / initial on-hand qty
--    inventory.available_stock = initial_qty + all STOCK_IN – all STOCK_OUT
--    All purchase_items and inventory_transactions quantities are POSITIVE.
--    Direction is expressed by transaction_type (STOCK_IN / STOCK_OUT).
-- ============================================================

SET FOREIGN_KEY_CHECKS = 0;
TRUNCATE TABLE inventory_transactions;
TRUNCATE TABLE sale_items;
TRUNCATE TABLE sales;
TRUNCATE TABLE purchase_items;
TRUNCATE TABLE purchases;
TRUNCATE TABLE inventory;
TRUNCATE TABLE products;
TRUNCATE TABLE customers;
TRUNCATE TABLE staff;
TRUNCATE TABLE managers;
TRUNCATE TABLE suppliers;
TRUNCATE TABLE categories;
TRUNCATE TABLE users;
SET FOREIGN_KEY_CHECKS = 1;

-- ============================================================
-- 1. USERS (25)
-- ============================================================
INSERT INTO users (name, email, password, phone, address, is_active, role, created_at, updated_at) VALUES
('Arjun Sharma',  'arjun.admin@inventra.com',    '$2a$10$CD0m96vJg81.SnqtMz/D9.dpd2qw.F3dTz4UW.IxKYEeeixviKmd6', '9000000001', 'Delhi',      TRUE, 'ROLE_ADMIN',    '2026-01-01 09:00:00', '2026-01-01 09:00:00'),
('Ravi Verma',    'ravi.supplier@inventra.com',  '$2a$10$CD0m96vJg81.SnqtMz/D9.dpd2qw.F3dTz4UW.IxKYEeeixviKmd6', '9000000002', 'Mumbai',     TRUE, 'ROLE_SUPPLIER', '2026-01-02 09:00:00', '2026-01-02 09:00:00'),
('Sunita Patel',  'sunita.supplier@inventra.com','$2a$10$CD0m96vJg81.SnqtMz/D9.dpd2qw.F3dTz4UW.IxKYEeeixviKmd6', '9000000003', 'Ahmedabad',  TRUE, 'ROLE_SUPPLIER', '2026-01-03 09:00:00', '2026-01-03 09:00:00'),
('Imran Khan',    'imran.supplier@inventra.com', '$2a$10$CD0m96vJg81.SnqtMz/D9.dpd2qw.F3dTz4UW.IxKYEeeixviKmd6', '9000000004', 'Jaipur',     TRUE, 'ROLE_SUPPLIER', '2026-01-04 09:00:00', '2026-01-04 09:00:00'),
('Geeta Rao',     'geeta.supplier@inventra.com', '$2a$10$CD0m96vJg81.SnqtMz/D9.dpd2qw.F3dTz4UW.IxKYEeeixviKmd6', '9000000005', 'Chennai',    TRUE, 'ROLE_SUPPLIER', '2026-01-05 09:00:00', '2026-01-05 09:00:00'),
('Karan Mehta',   'karan.manager@inventra.com',  '$2a$10$CD0m96vJg81.SnqtMz/D9.dpd2qw.F3dTz4UW.IxKYEeeixviKmd6', '9000000006', 'Pune',       TRUE, 'ROLE_MANAGER',  '2026-01-06 09:00:00', '2026-01-06 09:00:00'),
('Neha Gupta',    'neha.manager@inventra.com',   '$2a$10$CD0m96vJg81.SnqtMz/D9.dpd2qw.F3dTz4UW.IxKYEeeixviKmd6', '9000000007', 'Hyderabad',  TRUE, 'ROLE_MANAGER',  '2026-01-07 09:00:00', '2026-01-07 09:00:00'),
('Vivek Anand',   'vivek.manager@inventra.com',  '$2a$10$CD0m96vJg81.SnqtMz/D9.dpd2qw.F3dTz4UW.IxKYEeeixviKmd6', '9000000008', 'Noida',      TRUE, 'ROLE_MANAGER',  '2026-01-08 09:00:00', '2026-01-08 09:00:00'),
('Shreya Bose',   'shreya.manager@inventra.com', '$2a$10$CD0m96vJg81.SnqtMz/D9.dpd2qw.F3dTz4UW.IxKYEeeixviKmd6', '9000000009', 'Kolkata',    TRUE, 'ROLE_MANAGER',  '2026-01-09 09:00:00', '2026-01-09 09:00:00'),
('Amit Kumar',    'amit.staff@inventra.com',     '$2a$10$CD0m96vJg81.SnqtMz/D9.dpd2qw.F3dTz4UW.IxKYEeeixviKmd6', '9000000010', 'Bangalore',  TRUE, 'ROLE_STAFF',    '2026-01-10 09:00:00', '2026-01-10 09:00:00'),
('Priya Singh',   'priya.staff@inventra.com',    '$2a$10$CD0m96vJg81.SnqtMz/D9.dpd2qw.F3dTz4UW.IxKYEeeixviKmd6', '9000000011', 'Chennai',    TRUE, 'ROLE_STAFF',    '2026-01-11 09:00:00', '2026-01-11 09:00:00'),
('Rohit Joshi',   'rohit.staff@inventra.com',    '$2a$10$CD0m96vJg81.SnqtMz/D9.dpd2qw.F3dTz4UW.IxKYEeeixviKmd6', '9000000012', 'Kolkata',    TRUE, 'ROLE_STAFF',    '2026-01-12 09:00:00', '2026-01-12 09:00:00'),
('Snehal Pawar',  'snehal.staff@inventra.com',   '$2a$10$CD0m96vJg81.SnqtMz/D9.dpd2qw.F3dTz4UW.IxKYEeeixviKmd6', '9000000013', 'Pune',       TRUE, 'ROLE_STAFF',    '2026-01-13 09:00:00', '2026-01-13 09:00:00'),
('Rahul Yadav',   'rahul.staff@inventra.com',    '$2a$10$CD0m96vJg81.SnqtMz/D9.dpd2qw.F3dTz4UW.IxKYEeeixviKmd6', '9000000014', 'Lucknow',    TRUE, 'ROLE_STAFF',    '2026-01-14 09:00:00', '2026-01-14 09:00:00'),
('Divya Menon',   'divya.staff@inventra.com',    '$2a$10$CD0m96vJg81.SnqtMz/D9.dpd2qw.F3dTz4UW.IxKYEeeixviKmd6', '9000000015', 'Kochi',      TRUE, 'ROLE_STAFF',    '2026-01-15 09:00:00', '2026-01-15 09:00:00'),
('Tarun Saxena',  'tarun.staff@inventra.com',    '$2a$10$CD0m96vJg81.SnqtMz/D9.dpd2qw.F3dTz4UW.IxKYEeeixviKmd6', '9000000016', 'Indore',     TRUE, 'ROLE_STAFF',    '2026-01-16 09:00:00', '2026-01-16 09:00:00'),
('Komal Shah',    'komal.staff@inventra.com',    '$2a$10$CD0m96vJg81.SnqtMz/D9.dpd2qw.F3dTz4UW.IxKYEeeixviKmd6', '9000000017', 'Surat',      TRUE, 'ROLE_STAFF',    '2026-01-17 09:00:00', '2026-01-17 09:00:00'),
('Naveen Reddy',  'naveen.staff@inventra.com',   '$2a$10$CD0m96vJg81.SnqtMz/D9.dpd2qw.F3dTz4UW.IxKYEeeixviKmd6', '9000000018', 'Hyderabad',  TRUE, 'ROLE_STAFF',    '2026-01-18 09:00:00', '2026-01-18 09:00:00'),
('Ayesha Khan',   'ayesha.staff@inventra.com',   '$2a$10$CD0m96vJg81.SnqtMz/D9.dpd2qw.F3dTz4UW.IxKYEeeixviKmd6', '9000000019', 'Bhopal',     TRUE, 'ROLE_STAFF',    '2026-01-19 09:00:00', '2026-01-19 09:00:00'),
('Manish Goel',   'manish.staff@inventra.com',   '$2a$10$CD0m96vJg81.SnqtMz/D9.dpd2qw.F3dTz4UW.IxKYEeeixviKmd6', '9000000020', 'Delhi',      TRUE, 'ROLE_STAFF',    '2026-01-20 09:00:00', '2026-01-20 09:00:00'),
('Pooja Bhatt',   'pooja.staff@inventra.com',    '$2a$10$CD0m96vJg81.SnqtMz/D9.dpd2qw.F3dTz4UW.IxKYEeeixviKmd6', '9000000021', 'Mumbai',     TRUE, 'ROLE_STAFF',    '2026-01-21 09:00:00', '2026-01-21 09:00:00'),
('Sohail Mirza',  'sohail.staff@inventra.com',   '$2a$10$CD0m96vJg81.SnqtMz/D9.dpd2qw.F3dTz4UW.IxKYEeeixviKmd6', '9000000022', 'Nagpur',     TRUE, 'ROLE_STAFF',    '2026-01-22 09:00:00', '2026-01-22 09:00:00'),
('Renu Aggarwal', 'renu.staff@inventra.com',     '$2a$10$CD0m96vJg81.SnqtMz/D9.dpd2qw.F3dTz4UW.IxKYEeeixviKmd6', '9000000023', 'Chandigarh', TRUE, 'ROLE_STAFF',    '2026-01-23 09:00:00', '2026-01-23 09:00:00'),
('Vikas Dube',    'vikas.staff@inventra.com',    '$2a$10$CD0m96vJg81.SnqtMz/D9.dpd2qw.F3dTz4UW.IxKYEeeixviKmd6', '9000000024', 'Patna',      TRUE, 'ROLE_STAFF',    '2026-01-24 09:00:00', '2026-01-24 09:00:00'),
('Anjali Roy',    'anjali.staff@inventra.com',   '$2a$10$CD0m96vJg81.SnqtMz/D9.dpd2qw.F3dTz4UW.IxKYEeeixviKmd6', '9000000025', 'Ranchi',     TRUE, 'ROLE_STAFF',    '2026-01-25 09:00:00', '2026-01-25 09:00:00');

-- ============================================================
-- 2. CATEGORIES (8)
-- ============================================================
INSERT INTO categories (name) VALUES
('Electronics'),        -- 1
('Furniture'),          -- 2
('Stationery'),         -- 3
('Clothing'),           -- 4
('Kitchen Appliances'), -- 5
('Footwear'),           -- 6
('Sports & Fitness'),   -- 7
('Toys & Games');       -- 8

-- ============================================================
-- 3. SUPPLIERS (4)
-- ============================================================
INSERT INTO suppliers (user_id, category_id, company_name, address, is_active, created_at, updated_at) VALUES
(2, 1, 'Ravi Electronics Pvt Ltd', 'Andheri, Mumbai',        TRUE, '2026-01-02 10:00:00', '2026-01-02 10:00:00'), -- 1
(3, 4, 'Sunita Garments Co.',      'Navrangpura, Ahmedabad', TRUE, '2026-01-03 10:00:00', '2026-01-03 10:00:00'), -- 2
(4, 2, 'Khan Furniture House',     'MI Road, Jaipur',        TRUE, '2026-01-04 10:00:00', '2026-01-04 10:00:00'), -- 3
(5, 5, 'Geeta Home Appliances',    'T.Nagar, Chennai',       TRUE, '2026-01-05 10:00:00', '2026-01-05 10:00:00'); -- 4

-- ============================================================
-- 4. MANAGERS (4)
-- ============================================================
INSERT INTO managers (user_id, department, is_active, created_at, updated_at) VALUES
(6, 'Warehouse & Inventory', TRUE, '2026-01-06 10:00:00', '2026-01-06 10:00:00'), -- 1 Karan
(7, 'Sales & Billing',       TRUE, '2026-01-07 10:00:00', '2026-01-07 10:00:00'), -- 2 Neha
(8, 'Procurement',           TRUE, '2026-01-08 10:00:00', '2026-01-08 10:00:00'), -- 3 Vivek
(9, 'Logistics & Dispatch',  TRUE, '2026-01-09 10:00:00', '2026-01-09 10:00:00'); -- 4 Shreya

-- ============================================================
-- 5. STAFF (16)
-- ============================================================
INSERT INTO staff (user_id, manager_id, is_active, created_at, updated_at) VALUES
(10, 2, TRUE, '2026-01-10 10:00:00', '2026-01-10 10:00:00'),
(11, 2, TRUE, '2026-01-11 10:00:00', '2026-01-11 10:00:00'),
(12, 1, TRUE, '2026-01-12 10:00:00', '2026-01-12 10:00:00'),
(13, 1, TRUE, '2026-01-13 10:00:00', '2026-01-13 10:00:00'),
(14, 3, TRUE, '2026-01-14 10:00:00', '2026-01-14 10:00:00'),
(15, 2, TRUE, '2026-01-15 10:00:00', '2026-01-15 10:00:00'),
(16, 4, TRUE, '2026-01-16 10:00:00', '2026-01-16 10:00:00'),
(17, 2, TRUE, '2026-01-17 10:00:00', '2026-01-17 10:00:00'),
(18, 4, TRUE, '2026-01-18 10:00:00', '2026-01-18 10:00:00'),
(19, 1, TRUE, '2026-01-19 10:00:00', '2026-01-19 10:00:00'),
(20, 3, TRUE, '2026-01-20 10:00:00', '2026-01-20 10:00:00'),
(21, 2, TRUE, '2026-01-21 10:00:00', '2026-01-21 10:00:00'),
(22, 4, TRUE, '2026-01-22 10:00:00', '2026-01-22 10:00:00'),
(23, 1, TRUE, '2026-01-23 10:00:00', '2026-01-23 10:00:00'),
(24, 3, TRUE, '2026-01-24 10:00:00', '2026-01-24 10:00:00'),
(25, 2, TRUE, '2026-01-25 10:00:00', '2026-01-25 10:00:00');

-- ============================================================
-- 6. CUSTOMERS (25)
-- ============================================================
INSERT INTO customers (name, phone, email, address, created_at) VALUES
('Deepak Nair',    '8100000001', 'deepak@gmail.com',   'Kochi, Kerala',        '2026-01-15 11:00:00'),
('Meera Iyer',     '8100000002', 'meera@gmail.com',    'Coimbatore, TN',       '2026-01-18 11:00:00'),
('Suresh Pillai',  '8100000003', 'suresh@gmail.com',   'Trivandrum, Kerala',   '2026-01-20 11:00:00'),
('Anita Desai',    '8100000004', 'anita@gmail.com',    'Surat, Gujarat',       '2026-01-22 11:00:00'),
('Vikram Bose',    '8100000005', 'vikram@gmail.com',   'Howrah, WB',           '2026-01-25 11:00:00'),
('Pooja Reddy',    '8100000006', 'pooja@gmail.com',    'Vijayawada, AP',       '2026-01-28 11:00:00'),
('Manoj Tiwari',   '8100000007', 'manoj@gmail.com',    'Lucknow, UP',          '2026-02-01 11:00:00'),
('Kavitha Nair',   '8100000008', 'kavitha@gmail.com',  'Mangalore, Karnataka', '2026-02-05 11:00:00'),
('Sanjay Mishra',  '8100000009', 'sanjay@gmail.com',   'Bhopal, MP',           '2026-02-08 11:00:00'),
('Lakshmi Rao',    '8100000010', 'lakshmi@gmail.com',  'Visakhapatnam, AP',    '2026-02-12 11:00:00'),
('Rajat Kapoor',   '8100000011', 'rajat@gmail.com',    'Gurgaon, HR',          '2026-02-15 11:00:00'),
('Sheetal Jain',   '8100000012', 'sheetal@gmail.com',  'Indore, MP',           '2026-02-18 11:00:00'),
('Harish Chandra', '8100000013', 'harish@gmail.com',   'Dehradun, UK',         '2026-02-22 11:00:00'),
('Nidhi Saxena',   '8100000014', 'nidhi@gmail.com',    'Kanpur, UP',           '2026-02-26 11:00:00'),
('Bhavesh Patel',  '8100000015', 'bhavesh@gmail.com',  'Vadodara, GJ',         '2026-03-01 11:00:00'),
('Tanya Malhotra', '8100000016', 'tanya@gmail.com',    'Amritsar, PB',         '2026-03-05 11:00:00'),
('Ramesh Iyengar', '8100000017', 'ramesh@gmail.com',   'Mysore, KA',           '2026-03-09 11:00:00'),
('Smita Kulkarni', '8100000018', 'smita@gmail.com',    'Nashik, MH',           '2026-03-13 11:00:00'),
('Aakash Verma',   '8100000019', 'aakash@gmail.com',   'Faridabad, HR',        '2026-03-17 11:00:00'),
('Ishita Sen',     '8100000020', 'ishita@gmail.com',   'Siliguri, WB',         '2026-03-21 11:00:00'),
('Gopal Krishnan', '8100000021', 'gopal@gmail.com',    'Madurai, TN',          '2026-03-25 11:00:00'),
('Ritika Aggarwal','8100000022', 'ritika@gmail.com',   'Meerut, UP',           '2026-03-29 11:00:00'),
('Yusuf Sheikh',   '8100000023', 'yusuf@gmail.com',    'Aurangabad, MH',       '2026-04-04 11:00:00'),
('Preeti Sinha',   '8100000024', 'preeti@gmail.com',   'Jamshedpur, JH',       '2026-04-10 11:00:00'),
('Devansh Mehra',  '8100000025', 'devansh@gmail.com',  'Udaipur, RJ',          '2026-04-17 11:00:00');

-- ============================================================
-- 7. PRODUCTS (25)
--    quantity = supplier's on-hand catalog stock (non-zero)
-- ============================================================
INSERT INTO products (name, description, quantity, sku, supplier_id, supplier_to_admin_price, admin_to_user_price, is_active, category_id, created_at, updated_at) VALUES
('Samsung LED TV', '55 inch 4K UHD Smart TV', 20, 'ELEC-TV-001', 1, 28000.00, 35000.00, TRUE, 1, '2026-01-10 08:00:00', '2026-01-10 08:00:00'),  -- 1
('LG Split AC', '1.5 Ton 5 Star Inverter', 15, 'ELEC-AC-001', 1, 32000.00, 40000.00, TRUE, 1, '2026-01-10 08:00:00', '2026-01-10 08:00:00'),  -- 2
('Sony BT Speaker', '20W Portable Waterproof', 40, 'ELEC-SP-001', 1, 2500.00, 3500.00, TRUE, 1, '2026-01-10 08:00:00', '2026-01-10 08:00:00'),  -- 3
('HP Laptop', 'i5 11th Gen 8GB 512GB SSD', 10, 'ELEC-LP-001', 1, 48000.00, 58000.00, TRUE, 1, '2026-01-10 08:00:00', '2026-01-10 08:00:00'),  -- 4
('boAt Earbuds', 'ANC True Wireless Earbuds', 80, 'ELEC-EB-001', 1, 1200.00, 1800.00, TRUE, 1, '2026-01-10 08:00:00', '2026-01-10 08:00:00'),  -- 5
('Canon DSLR', 'EOS 1500D 24MP APS-C', 8, 'ELEC-CM-001', 1, 32000.00, 40000.00, TRUE, 1, '2026-01-10 08:00:00', '2026-01-10 08:00:00'),  -- 6
('Lenovo Tab', '10.6 inch 4GB 128GB', 20, 'ELEC-TB-001', 1, 12000.00, 16000.00, TRUE, 1, '2026-01-10 08:00:00', '2026-01-10 08:00:00'),  -- 7
('Men formal shirt', 'Pure cotton full sleeve', 150, 'CLTH-SH-001', 2, 350.00, 599.00, TRUE, 4, '2026-01-11 08:00:00', '2026-01-11 08:00:00'),  -- 8
('Women kurti', 'Rayon printed regular fit', 100, 'CLTH-KU-001', 2, 280.00, 499.00, TRUE, 4, '2026-01-11 08:00:00', '2026-01-11 08:00:00'),  -- 9
('Denim jeans', 'Slim fit dark blue stretch', 80, 'CLTH-JN-001', 2, 600.00, 999.00, TRUE, 4, '2026-01-11 08:00:00', '2026-01-11 08:00:00'),  -- 10
('Sports track pant', 'Polyester quick dry', 120, 'CLTH-TP-001', 2, 250.00, 449.00, TRUE, 4, '2026-01-11 08:00:00', '2026-01-11 08:00:00'),  -- 11
('Kids t-shirt', 'Cotton round neck ages 4-12', 200, 'CLTH-KT-001', 2, 150.00, 249.00, TRUE, 4, '2026-01-11 08:00:00', '2026-01-11 08:00:00'),  -- 12
('Winter jacket', 'Padded water resistant', 50, 'CLTH-WJ-001', 2, 900.00, 1499.00, TRUE, 4, '2026-01-11 08:00:00', '2026-01-11 08:00:00'),  -- 13
('Silk saree', 'Banarasi zari border festive', 30, 'CLTH-SR-001', 2, 1200.00, 1999.00, TRUE, 4, '2026-01-11 08:00:00', '2026-01-11 08:00:00'),  -- 14
('Office chair', 'High back mesh ergonomic', 30, 'FURN-CH-001', 3, 3500.00, 5499.00, TRUE, 2, '2026-01-12 08:00:00', '2026-01-12 08:00:00'),  -- 15
('Dining table', '6 seater solid sheesham wood', 10, 'FURN-DT-001', 3, 18000.00, 24999.00, TRUE, 2, '2026-01-12 08:00:00', '2026-01-12 08:00:00'),  -- 16
('Queen size bed', 'Hydraulic storage engineered', 8, 'FURN-BD-001', 3, 22000.00, 29999.00, TRUE, 2, '2026-01-12 08:00:00', '2026-01-12 08:00:00'),  -- 17
('Bookshelf', '5 tier engineered wood', 25, 'FURN-BS-001', 3, 2200.00, 3499.00, TRUE, 2, '2026-01-12 08:00:00', '2026-01-12 08:00:00'),  -- 18
('Mixer grinder', '750W 3 jar with juicer', 60, 'KITC-MX-001', 4, 2400.00, 3499.00, TRUE, 5, '2026-01-13 08:00:00', '2026-01-13 08:00:00'),  -- 19
('Air fryer', '4.1L digital touch panel', 25, 'KITC-AF-001', 4, 6500.00, 8999.00, TRUE, 5, '2026-01-13 08:00:00', '2026-01-13 08:00:00'),  -- 20
('Microwave oven', '20L solo 800W auto cook', 20, 'KITC-MW-001', 4, 4800.00, 6499.00, TRUE, 5, '2026-01-13 08:00:00', '2026-01-13 08:00:00'),  -- 21
('Induction cooktop', '2000W touch and slide', 40, 'KITC-IN-001', 4, 1800.00, 2499.00, TRUE, 5, '2026-01-13 08:00:00', '2026-01-13 08:00:00'),  -- 22
('Electric kettle', '1.5L stainless steel auto', 80, 'KITC-EK-001', 4, 650.00, 999.00, TRUE, 5, '2026-01-13 08:00:00', '2026-01-13 08:00:00'),  -- 23
('Hand blender', '300W 2 speed with turbo', 60, 'KITC-HB-001', 4, 900.00, 1399.00, TRUE, 5, '2026-01-13 08:00:00', '2026-01-13 08:00:00'),  -- 24
('Pop-up toaster', '2 slice wide slot morphy', 35, 'KITC-TS-001', 4, 1100.00, 1699.00, TRUE, 5, '2026-01-13 08:00:00', '2026-01-13 08:00:00');  -- 25

-- ============================================================
-- 8. INVENTORY (25)
--    available_stock = products.quantity + all STOCK_IN - all STOCK_OUT
-- ============================================================
INSERT INTO inventory (product_id, available_stock, reorder_level, last_updated) VALUES
( 1,   36,   8, '2026-01-16 09:00:00'),
( 2,   21,   5, '2026-01-16 09:00:00'),
( 3,   72,  15, '2026-01-16 09:00:00'),
( 4,   12,   3, '2026-01-16 09:00:00'),
( 5,  200,  40, '2026-01-16 09:00:00'),
( 6,   14,   3, '2026-01-16 09:00:00'),
( 7,   38,   8, '2026-01-16 09:00:00'),
( 8,  325,  50, '2026-01-17 09:00:00'),
( 9,  266,  40, '2026-01-17 09:00:00'),
(10,  166,  30, '2026-01-17 09:00:00'),
(11,  273,  40, '2026-01-17 09:00:00'),
(12,  475,  60, '2026-01-17 09:00:00'),
(13,  107,  15, '2026-01-17 09:00:00'),
(14,   82,  10, '2026-01-17 09:00:00'),
(15,   75,  12, '2026-01-18 09:00:00'),
(16,   25,   4, '2026-01-18 09:00:00'),
(17,   17,   3, '2026-01-18 09:00:00'),
(18,   68,  10, '2026-01-18 09:00:00'),
(19,  128,  20, '2026-01-19 09:00:00'),
(20,   51,   8, '2026-01-19 09:00:00'),
(21,   39,   6, '2026-01-19 09:00:00'),
(22,   88,  15, '2026-01-19 09:00:00'),
(23,  147,  25, '2026-01-19 09:00:00'),
(24,  103,  15, '2026-01-19 09:00:00'),
(25,   68,  10, '2026-01-19 09:00:00');

-- ============================================================
-- 9. PURCHASES (20)
--    Status: PENDING → CONFIRMED → DELIVERED
-- ============================================================
INSERT INTO purchases (supplier_id, status, total_amount, confirmed_by, confirmed_at, created_at, updated_at) VALUES
(1, 'DELIVERED', 810000.00, 1, '2026-01-15 11:00:00', '2026-01-13 09:00:00', '2026-01-15 11:00:00'),
(2, 'DELIVERED', 207900.00, 6, '2026-01-16 11:00:00', '2026-01-14 09:00:00', '2026-01-16 11:00:00'),
(3, 'DELIVERED', 414000.00, 8, '2026-01-17 11:00:00', '2026-01-15 09:00:00', '2026-01-17 11:00:00'),
(4, 'DELIVERED', 360100.00, 1, '2026-01-18 11:00:00', '2026-01-16 09:00:00', '2026-01-18 11:00:00'),
(1, 'DELIVERED', 332000.00, 1, '2026-02-10 11:00:00', '2026-02-08 09:00:00', '2026-02-10 11:00:00'),
(2, 'DELIVERED', 66000.00, 6, '2026-02-12 11:00:00', '2026-02-10 09:00:00', '2026-02-12 11:00:00'),
(3, 'DELIVERED', 151400.00, 8, '2026-02-20 11:00:00', '2026-02-18 09:00:00', '2026-02-20 11:00:00'),
(4, 'DELIVERED', 140000.00, 1, '2026-02-25 11:00:00', '2026-02-23 09:00:00', '2026-02-25 11:00:00'),
(1, 'DELIVERED', 133500.00, 1, '2026-03-10 11:00:00', '2026-03-08 09:00:00', '2026-03-10 11:00:00'),
(2, 'DELIVERED', 52800.00, 6, '2026-03-15 11:00:00', '2026-03-13 09:00:00', '2026-03-15 11:00:00'),
(3, 'DELIVERED', 160000.00, 8, '2026-03-20 11:00:00', '2026-03-18 09:00:00', '2026-03-20 11:00:00'),
(4, 'DELIVERED', 47500.00, 1, '2026-03-25 11:00:00', '2026-03-23 09:00:00', '2026-03-25 11:00:00'),
(1, 'DELIVERED', 204000.00, 1, '2026-04-05 11:00:00', '2026-04-03 09:00:00', '2026-04-05 11:00:00'),
(2, 'DELIVERED', 35000.00, 6, '2026-04-10 11:00:00', '2026-04-08 09:00:00', '2026-04-10 11:00:00'),
(3, 'DELIVERED', 89600.00, 8, '2026-04-15 11:00:00', '2026-04-13 09:00:00', '2026-04-15 11:00:00'),
(4, 'DELIVERED', 124900.00, 1, '2026-04-20 11:00:00', '2026-04-18 09:00:00', '2026-04-20 11:00:00'),
(1, 'CONFIRMED', 132000.00, 1, '2026-05-03 11:00:00', '2026-05-01 09:00:00', '2026-05-03 11:00:00'),
(2, 'CONFIRMED', 18700.00, 6, '2026-05-08 11:00:00', '2026-05-06 09:00:00', '2026-05-08 11:00:00'),
(3, 'PENDING', 0.00, NULL, NULL, '2026-05-15 09:00:00', '2026-05-15 09:00:00'),
(4, 'PENDING', 0.00, NULL, NULL, '2026-05-20 09:00:00', '2026-05-20 09:00:00');

-- ============================================================
-- 10. PURCHASE ITEMS
--     sub_total = quantity x unit_price (all positive)
-- ============================================================
INSERT INTO purchase_items (purchase_id, product_id, quantity, unit_price, sub_total) VALUES
( 1,  1,   10, 28000.00,    280000.00),
( 1,  2,    5, 32000.00,    160000.00),
( 1,  3,   20,  2500.00,     50000.00),
( 1,  5,   60,  1200.00,     72000.00),
( 1,  6,    4, 32000.00,    128000.00),
( 1,  7,   10, 12000.00,    120000.00),
( 2,  8,  100,   350.00,     35000.00),
( 2,  9,   80,   280.00,     22400.00),
( 2, 10,   60,   600.00,     36000.00),
( 2, 11,   80,   250.00,     20000.00),
( 2, 12,  150,   150.00,     22500.00),
( 2, 13,   40,   900.00,     36000.00),
( 2, 14,   30,  1200.00,     36000.00),
( 3, 15,   30,  3500.00,    105000.00),
( 3, 16,    8, 18000.00,    144000.00),
( 3, 17,    6, 22000.00,    132000.00),
( 3, 18,   15,  2200.00,     33000.00),
( 4, 19,   40,  2400.00,     96000.00),
( 4, 20,   15,  6500.00,     97500.00),
( 4, 21,   12,  4800.00,     57600.00),
( 4, 22,   25,  1800.00,     45000.00),
( 4, 23,   30,   650.00,     19500.00),
( 4, 24,   25,   900.00,     22500.00),
( 4, 25,   20,  1100.00,     22000.00),
( 5,  1,    5, 28000.00,    140000.00),
( 5,  2,    3, 32000.00,     96000.00),
( 5,  4,    2, 48000.00,     96000.00),
( 6,  8,   50,   350.00,     17500.00),
( 6, 10,   40,   600.00,     24000.00),
( 6, 11,   50,   250.00,     12500.00),
( 6, 12,   80,   150.00,     12000.00),
( 7, 15,   10,  3500.00,     35000.00),
( 7, 16,    5, 18000.00,     90000.00),
( 7, 18,   12,  2200.00,     26400.00),
( 8, 19,   20,  2400.00,     48000.00),
( 8, 20,    8,  6500.00,     52000.00),
( 8, 22,   15,  1800.00,     27000.00),
( 8, 23,   20,   650.00,     13000.00),
( 9,  3,   15,  2500.00,     37500.00),
( 9,  5,   30,  1200.00,     36000.00),
( 9,  7,    5, 12000.00,     60000.00),
(10,  9,   60,   280.00,     16800.00),
(10, 13,   20,   900.00,     18000.00),
(10, 14,   15,  1200.00,     18000.00),
(11, 16,    4, 18000.00,     72000.00),
(11, 17,    3, 22000.00,     66000.00),
(11, 18,   10,  2200.00,     22000.00),
(12, 24,   20,   900.00,     18000.00),
(12, 25,   15,  1100.00,     16500.00),
(12, 23,   20,   650.00,     13000.00),
(13,  5,   40,  1200.00,     48000.00),
(13,  6,    3, 32000.00,     96000.00),
(13,  7,    5, 12000.00,     60000.00),
(14,  8,   40,   350.00,     14000.00),
(14, 12,   60,   150.00,      9000.00),
(14, 14,   10,  1200.00,     12000.00),
(15, 15,    8,  3500.00,     28000.00),
(15, 17,    2, 22000.00,     44000.00),
(15, 18,    8,  2200.00,     17600.00),
(16, 19,   15,  2400.00,     36000.00),
(16, 20,    5,  6500.00,     32500.00),
(16, 21,    8,  4800.00,     38400.00),
(16, 22,   10,  1800.00,     18000.00),
(17,  1,    3, 28000.00,     84000.00),
(17,  4,    1, 48000.00,     48000.00),
(18,  9,   40,   280.00,     11200.00),
(18, 11,   30,   250.00,      7500.00);

-- ============================================================
-- 11. SALES (30)
-- ============================================================
INSERT INTO sales (sold_by, customer_id, total_amount, payment_mode, sale_date) VALUES
(10,  1, 38500.00, 'UPI', '2026-01-20 10:30:00'),
(11,  2, 1994.00, 'CASH', '2026-01-23 11:00:00'),
(10,  3, 2997.00, 'CARD', '2026-01-27 12:00:00'),
( 7,  4, 58000.00, 'CARD', '2026-01-30 14:00:00'),
(11,  5, 21400.00, 'UPI', '2026-02-03 13:00:00'),
(10,  6, 3742.00, 'CASH', '2026-02-06 10:00:00'),
(15,  7, 2896.00, 'CARD', '2026-02-09 11:00:00'),
( 1,  8, 75000.00, 'UPI', '2026-02-12 15:00:00'),
(11,  9, 3495.00, 'CASH', '2026-02-15 12:00:00'),
(10, 10, 5499.00, 'CARD', '2026-02-18 11:00:00'),
(12, 11, 24999.00, 'UPI', '2026-02-21 14:00:00'),
(13, 12, 6998.00, 'CREDIT', '2026-02-24 11:00:00'),
(15, 13, 10997.00, 'CARD', '2026-02-27 12:00:00'),
(11, 14, 5241.00, 'UPI', '2026-03-03 13:00:00'),
(10, 15, 5091.00, 'CASH', '2026-03-07 14:00:00'),
(17, 16, 25000.00, 'CARD', '2026-03-11 11:00:00'),
(11, 17, 3998.00, 'UPI', '2026-03-14 10:00:00'),
(10, 18, 8998.00, 'CASH', '2026-03-18 12:00:00'),
(21, 19, 9796.00, 'CREDIT', '2026-03-22 14:00:00'),
(11, 20, 29999.00, 'UPI', '2026-03-26 13:00:00'),
(10, 21, 80000.00, 'CARD', '2026-04-02 11:00:00'),
(15, 22, 6342.00, 'UPI', '2026-04-05 12:00:00'),
(11, 23, 13997.00, 'CREDIT', '2026-04-09 14:00:00'),
(10, 24, 14200.00, 'CASH', '2026-04-13 10:00:00'),
(25, 25, 5493.00, 'CARD', '2026-04-17 13:00:00'),
( 7,  1, 28498.00, 'UPI', '2026-04-21 11:00:00'),
(11,  2, 13494.00, 'CARD', '2026-04-25 12:00:00'),
(10,  3, 9897.00, 'CASH', '2026-04-29 14:00:00'),
(13,  5, 35498.00, 'UPI', '2026-05-05 13:00:00'),
(11,  7, 4395.00, 'CASH', '2026-05-12 11:00:00');

-- ============================================================
-- 12. SALE ITEMS
--     price = admin_to_user_price  |  subtotal = quantity x price
-- ============================================================
INSERT INTO sale_items (sale_id, product_id, quantity, price, subtotal) VALUES
( 1,  1,   1, 35000.00,   35000.00),
( 1,  3,   1,  3500.00,    3500.00),
( 2,  9,   2,   499.00,     998.00),
( 2, 12,   4,   249.00,     996.00),
( 3, 10,   3,   999.00,    2997.00),
( 4,  4,   1, 58000.00,   58000.00),
( 5,  5,   3,  1800.00,    5400.00),
( 5,  7,   1, 16000.00,   16000.00),
( 6,  8,   5,   599.00,    2995.00),
( 6, 12,   3,   249.00,     747.00),
( 7, 10,   2,   999.00,    1998.00),
( 7, 11,   2,   449.00,     898.00),
( 8,  1,   1, 35000.00,   35000.00),
( 8,  2,   1, 40000.00,   40000.00),
( 9,  9,   4,   499.00,    1996.00),
( 9, 13,   1,  1499.00,    1499.00),
(10, 15,   1,  5499.00,    5499.00),
(11, 16,   1, 24999.00,   24999.00),
(12, 19,   2,  3499.00,    6998.00),
(13, 20,   1,  8999.00,    8999.00),
(13, 23,   2,   999.00,    1998.00),
(14, 10,   4,   999.00,    3996.00),
(14, 12,   5,   249.00,    1245.00),
(15,  8,   6,   599.00,    3594.00),
(15,  9,   3,   499.00,    1497.00),
(16,  5,   5,  1800.00,    9000.00),
(16,  7,   1, 16000.00,   16000.00),
(17, 14,   2,  1999.00,    3998.00),
(18, 15,   1,  5499.00,    5499.00),
(18, 18,   1,  3499.00,    3499.00),
(19, 19,   2,  3499.00,    6998.00),
(19, 24,   2,  1399.00,    2798.00),
(20, 17,   1, 29999.00,   29999.00),
(21,  2,   1, 40000.00,   40000.00),
(21,  6,   1, 40000.00,   40000.00),
(22, 10,   5,   999.00,    4995.00),
(22, 11,   3,   449.00,    1347.00),
(23, 20,   1,  8999.00,    8999.00),
(23, 22,   2,  2499.00,    4998.00),
(24,  5,   4,  1800.00,    7200.00),
(24,  3,   2,  3500.00,    7000.00),
(25,  9,   5,   499.00,    2495.00),
(25, 13,   2,  1499.00,    2998.00),
(26, 16,   1, 24999.00,   24999.00),
(26, 18,   1,  3499.00,    3499.00),
(27, 19,   3,  3499.00,   10497.00),
(27, 23,   3,   999.00,    2997.00),
(28, 21,   1,  6499.00,    6499.00),
(28, 25,   2,  1699.00,    3398.00),
(29, 15,   1,  5499.00,    5499.00),
(29, 17,   1, 29999.00,   29999.00),
(30,  8,   4,   599.00,    2396.00),
(30, 14,   1,  1999.00,    1999.00);

-- ============================================================
-- 13. INVENTORY TRANSACTIONS
--     All quantity values are POSITIVE (>0).
--     STOCK_IN  = goods received into warehouse
--     STOCK_OUT = goods sold or written off
-- ============================================================
INSERT INTO inventory_transactions (product_id, transaction_type, quantity, created_at) VALUES
( 1, 'STOCK_IN',   10, '2026-01-15 11:30:00'),  -- PO1 LED TV
( 2, 'STOCK_IN',    5, '2026-01-15 11:30:00'),  -- PO1 LG AC
( 3, 'STOCK_IN',   20, '2026-01-15 11:30:00'),  -- PO1 BT Speaker
( 5, 'STOCK_IN',   60, '2026-01-15 11:30:00'),  -- PO1 Earbuds
( 6, 'STOCK_IN',    4, '2026-01-15 11:30:00'),  -- PO1 DSLR
( 7, 'STOCK_IN',   10, '2026-01-15 11:30:00'),  -- PO1 Tablet
( 8, 'STOCK_IN',  100, '2026-01-16 11:30:00'),  -- PO2 Formal Shirt
( 9, 'STOCK_IN',   80, '2026-01-16 11:30:00'),  -- PO2 Kurti
(10, 'STOCK_IN',   60, '2026-01-16 11:30:00'),  -- PO2 Jeans
(11, 'STOCK_IN',   80, '2026-01-16 11:30:00'),  -- PO2 Track Pant
(12, 'STOCK_IN',  150, '2026-01-16 11:30:00'),  -- PO2 Kids T-shirt
(13, 'STOCK_IN',   40, '2026-01-16 11:30:00'),  -- PO2 Winter Jacket
(14, 'STOCK_IN',   30, '2026-01-16 11:30:00'),  -- PO2 Silk Saree
(15, 'STOCK_IN',   30, '2026-01-17 11:30:00'),  -- PO3 Office Chair
(16, 'STOCK_IN',    8, '2026-01-17 11:30:00'),  -- PO3 Dining Table
(17, 'STOCK_IN',    6, '2026-01-17 11:30:00'),  -- PO3 Queen Bed
(18, 'STOCK_IN',   15, '2026-01-17 11:30:00'),  -- PO3 Bookshelf
(19, 'STOCK_IN',   40, '2026-01-18 11:30:00'),  -- PO4 Mixer Grinder
(20, 'STOCK_IN',   15, '2026-01-18 11:30:00'),  -- PO4 Air Fryer
(21, 'STOCK_IN',   12, '2026-01-18 11:30:00'),  -- PO4 Microwave
(22, 'STOCK_IN',   25, '2026-01-18 11:30:00'),  -- PO4 Induction
(23, 'STOCK_IN',   30, '2026-01-18 11:30:00'),  -- PO4 Kettle
(24, 'STOCK_IN',   25, '2026-01-18 11:30:00'),  -- PO4 Hand Blender
(25, 'STOCK_IN',   20, '2026-01-18 11:30:00'),  -- PO4 Toaster
( 1, 'STOCK_OUT',    1, '2026-01-20 10:35:00'),  -- Sale 1
( 3, 'STOCK_OUT',    1, '2026-01-20 10:35:00'),  -- Sale 1
( 9, 'STOCK_OUT',    2, '2026-01-23 11:05:00'),  -- Sale 2
(12, 'STOCK_OUT',    4, '2026-01-23 11:05:00'),  -- Sale 2
(10, 'STOCK_OUT',    3, '2026-01-27 12:05:00'),  -- Sale 3
( 4, 'STOCK_OUT',    1, '2026-01-30 14:05:00'),  -- Sale 4
( 1, 'STOCK_IN',    5, '2026-02-10 11:30:00'),  -- PO5
( 2, 'STOCK_IN',    3, '2026-02-10 11:30:00'),  -- PO5
( 4, 'STOCK_IN',    2, '2026-02-10 11:30:00'),  -- PO5
( 8, 'STOCK_IN',   50, '2026-02-12 11:30:00'),  -- PO6
(10, 'STOCK_IN',   40, '2026-02-12 11:30:00'),  -- PO6
(11, 'STOCK_IN',   50, '2026-02-12 11:30:00'),  -- PO6
(12, 'STOCK_IN',   80, '2026-02-12 11:30:00'),  -- PO6
(15, 'STOCK_IN',   10, '2026-02-20 11:30:00'),  -- PO7
(16, 'STOCK_IN',    5, '2026-02-20 11:30:00'),  -- PO7
(18, 'STOCK_IN',   12, '2026-02-20 11:30:00'),  -- PO7
(19, 'STOCK_IN',   20, '2026-02-25 11:30:00'),  -- PO8
(20, 'STOCK_IN',    8, '2026-02-25 11:30:00'),  -- PO8
(22, 'STOCK_IN',   15, '2026-02-25 11:30:00'),  -- PO8
(23, 'STOCK_IN',   20, '2026-02-25 11:30:00'),  -- PO8
( 5, 'STOCK_OUT',    3, '2026-02-03 13:05:00'),  -- Sale 5
( 7, 'STOCK_OUT',    1, '2026-02-03 13:05:00'),  -- Sale 5
( 8, 'STOCK_OUT',    5, '2026-02-06 10:05:00'),  -- Sale 6
(12, 'STOCK_OUT',    3, '2026-02-06 10:05:00'),  -- Sale 6
(10, 'STOCK_OUT',    2, '2026-02-09 11:05:00'),  -- Sale 7
(11, 'STOCK_OUT',    2, '2026-02-09 11:05:00'),  -- Sale 7
( 1, 'STOCK_OUT',    1, '2026-02-12 15:05:00'),  -- Sale 8
( 2, 'STOCK_OUT',    1, '2026-02-12 15:05:00'),  -- Sale 8
( 9, 'STOCK_OUT',    4, '2026-02-15 12:05:00'),  -- Sale 9
(13, 'STOCK_OUT',    1, '2026-02-15 12:05:00'),  -- Sale 9
(15, 'STOCK_OUT',    1, '2026-02-18 11:05:00'),  -- Sale 10
(16, 'STOCK_OUT',    1, '2026-02-21 14:05:00'),  -- Sale 11
(19, 'STOCK_OUT',    2, '2026-02-24 11:05:00'),  -- Sale 12
(20, 'STOCK_OUT',    1, '2026-02-27 12:05:00'),  -- Sale 13
(23, 'STOCK_OUT',    2, '2026-02-27 12:05:00'),  -- Sale 13
( 3, 'STOCK_IN',   15, '2026-03-10 11:30:00'),  -- PO9
( 5, 'STOCK_IN',   30, '2026-03-10 11:30:00'),  -- PO9
( 7, 'STOCK_IN',    5, '2026-03-10 11:30:00'),  -- PO9
( 9, 'STOCK_IN',   60, '2026-03-15 11:30:00'),  -- PO10
(13, 'STOCK_IN',   20, '2026-03-15 11:30:00'),  -- PO10
(14, 'STOCK_IN',   15, '2026-03-15 11:30:00'),  -- PO10
(16, 'STOCK_IN',    4, '2026-03-20 11:30:00'),  -- PO11
(17, 'STOCK_IN',    3, '2026-03-20 11:30:00'),  -- PO11
(18, 'STOCK_IN',   10, '2026-03-20 11:30:00'),  -- PO11
(24, 'STOCK_IN',   20, '2026-03-25 11:30:00'),  -- PO12
(25, 'STOCK_IN',   15, '2026-03-25 11:30:00'),  -- PO12
(23, 'STOCK_IN',   20, '2026-03-25 11:30:00'),  -- PO12
(10, 'STOCK_OUT',    4, '2026-03-03 13:05:00'),  -- Sale 14
(12, 'STOCK_OUT',    5, '2026-03-03 13:05:00'),  -- Sale 14
( 8, 'STOCK_OUT',    6, '2026-03-07 14:05:00'),  -- Sale 15
( 9, 'STOCK_OUT',    3, '2026-03-07 14:05:00'),  -- Sale 15
( 5, 'STOCK_OUT',    5, '2026-03-11 11:05:00'),  -- Sale 16
( 7, 'STOCK_OUT',    1, '2026-03-11 11:05:00'),  -- Sale 16
(14, 'STOCK_OUT',    2, '2026-03-14 10:05:00'),  -- Sale 17
(15, 'STOCK_OUT',    1, '2026-03-18 12:05:00'),  -- Sale 18
(18, 'STOCK_OUT',    1, '2026-03-18 12:05:00'),  -- Sale 18
(19, 'STOCK_OUT',    2, '2026-03-22 14:05:00'),  -- Sale 19
(24, 'STOCK_OUT',    2, '2026-03-22 14:05:00'),  -- Sale 19
(17, 'STOCK_OUT',    1, '2026-03-26 13:05:00'),  -- Sale 20
( 5, 'STOCK_IN',   40, '2026-04-05 11:30:00'),  -- PO13
( 6, 'STOCK_IN',    3, '2026-04-05 11:30:00'),  -- PO13
( 7, 'STOCK_IN',    5, '2026-04-05 11:30:00'),  -- PO13
( 8, 'STOCK_IN',   40, '2026-04-10 11:30:00'),  -- PO14
(12, 'STOCK_IN',   60, '2026-04-10 11:30:00'),  -- PO14
(14, 'STOCK_IN',   10, '2026-04-10 11:30:00'),  -- PO14
(15, 'STOCK_IN',    8, '2026-04-15 11:30:00'),  -- PO15
(17, 'STOCK_IN',    2, '2026-04-15 11:30:00'),  -- PO15
(18, 'STOCK_IN',    8, '2026-04-15 11:30:00'),  -- PO15
(19, 'STOCK_IN',   15, '2026-04-20 11:30:00'),  -- PO16
(20, 'STOCK_IN',    5, '2026-04-20 11:30:00'),  -- PO16
(21, 'STOCK_IN',    8, '2026-04-20 11:30:00'),  -- PO16
(22, 'STOCK_IN',   10, '2026-04-20 11:30:00'),  -- PO16
( 2, 'STOCK_OUT',    1, '2026-04-02 11:05:00'),  -- Sale 21
( 6, 'STOCK_OUT',    1, '2026-04-02 11:05:00'),  -- Sale 21
(10, 'STOCK_OUT',    5, '2026-04-05 12:05:00'),  -- Sale 22
(11, 'STOCK_OUT',    3, '2026-04-05 12:05:00'),  -- Sale 22
(20, 'STOCK_OUT',    1, '2026-04-09 14:05:00'),  -- Sale 23
(22, 'STOCK_OUT',    2, '2026-04-09 14:05:00'),  -- Sale 23
( 5, 'STOCK_OUT',    4, '2026-04-13 10:05:00'),  -- Sale 24
( 3, 'STOCK_OUT',    2, '2026-04-13 10:05:00'),  -- Sale 24
( 9, 'STOCK_OUT',    5, '2026-04-17 13:05:00'),  -- Sale 25
(13, 'STOCK_OUT',    2, '2026-04-17 13:05:00'),  -- Sale 25
(16, 'STOCK_OUT',    1, '2026-04-21 11:05:00'),  -- Sale 26
(18, 'STOCK_OUT',    1, '2026-04-21 11:05:00'),  -- Sale 26
(19, 'STOCK_OUT',    3, '2026-04-25 12:05:00'),  -- Sale 27
(23, 'STOCK_OUT',    3, '2026-04-25 12:05:00'),  -- Sale 27
(21, 'STOCK_OUT',    1, '2026-04-29 14:05:00'),  -- Sale 28
(25, 'STOCK_OUT',    2, '2026-04-29 14:05:00'),  -- Sale 28
( 1, 'STOCK_IN',    3, '2026-05-03 11:30:00'),  -- PO17
( 4, 'STOCK_IN',    1, '2026-05-03 11:30:00'),  -- PO17
( 9, 'STOCK_IN',   40, '2026-05-08 11:30:00'),  -- PO18
(11, 'STOCK_IN',   30, '2026-05-08 11:30:00'),  -- PO18
(15, 'STOCK_OUT',    1, '2026-05-05 13:05:00'),  -- Sale 29
(17, 'STOCK_OUT',    1, '2026-05-05 13:05:00'),  -- Sale 29
( 8, 'STOCK_OUT',    4, '2026-05-12 11:05:00'),  -- Sale 30
(14, 'STOCK_OUT',    1, '2026-05-12 11:05:00'),  -- Sale 30
( 5, 'STOCK_IN',    2, '2026-03-22 18:00:00'),  -- Audit gain: 2 earbuds found
(12, 'STOCK_OUT',    3, '2026-04-05 18:00:00'),  -- 3 kids t-shirts damaged
(23, 'STOCK_IN',    2, '2026-04-28 18:00:00'),  -- 2 replacement kettles from supplier
(11, 'STOCK_OUT',    2, '2026-05-15 18:00:00');  -- 2 track pants damaged in storage
-- ============================================================
-- DONE
-- ============================================================